model,condition,mean_dice,mean_iou
MedSAM,clean,0.7218,0.6100
MedSAM,shift_5,0.6985,0.5820
MedSAM,shift_10,0.6367,0.5091
MedSAM,shift_20,0.4486,0.3231
MedSAM,scale_0.8,0.4887,0.3523
MedSAM,scale_0.9,0.6429,0.5144
MedSAM,scale_1.1,0.7589,0.6597
MedSAM,scale_1.2,0.7784,0.6893
MedSAM,blur_2,0.7682,0.6608
MedSAM,blur_5,0.7276,0.6151
MedSAM,noise_10,0.7017,0.5820
MedSAM,noise_25,0.6791,0.5555
MedSAM,brightness_0.6,0.7177,0.6046
MedSAM,brightness_1.5,0.7384,0.6233
MedSAM,contrast_0.5,0.7056,0.5906
MedSAM,contrast_1.5,0.7257,0.6104
UNet,clean,0.8503,0.7850
UNet,blur_2,0.8471,0.7787
UNet,blur_5,0.7520,0.6720
UNet,noise_10,0.8355,0.7685
UNet,noise_25,0.7565,0.6864
UNet,brightness_0.6,0.8427,0.7744
UNet,brightness_1.5,0.8192,0.7480
UNet,contrast_0.5,0.8363,0.7672
UNet,contrast_1.5,0.8365,0.7672
